student_id,day,sleep_hours,study_hours,screen_time,assignment_delay,attendance,workload
STU001,1,7.5,4.0,3.5,0,95.0,3
STU001,2,7.0,4.5,3.0,0,95.0,3
STU001,3,7.2,3.8,4.0,0,92.0,2
STU001,4,8.0,4.2,3.2,0,96.0,3
STU001,5,7.0,5.0,3.8,0,94.0,3
STU001,6,6.8,3.5,4.2,0,90.0,3
STU001,7,7.4,4.0,3.6,0,95.0,3
STU001,8,6.5,4.5,4.5,1,88.0,4
STU001,9,6.0,3.0,5.5,1,85.0,4
STU001,10,5.5,2.5,6.2,2,80.0,4
STU001,11,4.5,2.0,7.0,3,75.0,5
STU001,12,4.0,1.5,8.0,4,70.0,5
STU001,13,4.2,1.8,7.5,4,68.0,5
STU001,14,5.0,2.2,6.8,3,72.0,4
STU002,1,8.0,5.0,2.5,0,98.0,2
STU002,2,7.5,5.2,2.8,0,98.0,2
STU002,3,7.8,4.8,3.0,0,97.0,3
STU002,4,8.2,5.5,2.4,0,99.0,2
STU002,5,7.6,5.1,2.9,0,96.0,3
STU002,6,7.5,4.9,3.1,0,95.0,3
STU002,7,8.0,5.0,2.6,0,98.0,2
STU002,8,7.4,5.2,3.0,0,97.0,3
STU002,9,7.5,5.0,2.8,0,98.0,2
STU002,10,7.6,4.7,3.2,0,96.0,3
STU002,11,7.2,5.1,3.0,0,97.0,3
STU002,12,7.8,5.3,2.7,0,98.0,2
STU002,13,7.5,5.0,2.9,0,97.0,3
STU002,14,7.6,4.9,3.1,0,96.0,3
STU003,1,6.5,3.0,5.0,1,85.0,4
STU003,2,6.0,3.2,5.5,1,84.0,4
STU003,3,6.2,2.8,5.2,1,86.0,4
STU003,4,5.8,3.5,6.0,2,82.0,4
STU003,5,6.0,3.1,5.8,1,85.0,4
STU003,6,5.5,2.5,6.5,2,80.0,5
STU003,7,5.0,2.0,7.2,3,78.0,5
STU003,8,4.8,1.8,7.8,4,72.0,5
STU003,9,4.5,1.5,8.2,5,68.0,5
STU003,10,4.2,1.2,8.5,5,65.0,5
STU003,11,4.0,1.0,9.0,6,60.0,5
STU003,12,4.5,1.5,8.5,5,62.0,5
STU003,13,5.0,2.0,7.8,4,70.0,4
STU003,14,5.2,2.2,7.2,3,74.0,4
